i,phesid,p_Asymmetry Pattern 62,-logp_Asymmetry Pattern 62,Category
0,1677,0.009401292565075837,2.0268124320079126,early life factors
1,1777,0.15486420395824238,0.8100489555136245,early life factors
2,1787,0.06955654712439752,1.1576619850655356,early life factors
3,1767,0.7682291028843589,0.11450924444671459,early life factors
4,1697,0.6379137535285507,0.19523803428602568,early life factors
5,1687,0.2756026944777597,0.5597165407879883,early life factors
6,20022,0.5170222619796768,0.28649075662215284,early life factors
7,130,0.02494097592348076,1.6030865568763175,early life factors
8,129,0.498769744371127,0.30209989892082684,early life factors
9,10722#4,0.05345884591023859,1.2719804211916246,lifestyle - general
10,10722#5,0.8156936608397384,0.08847291279767894,lifestyle - general
11,10722#2,0.27127501015239697,0.5665902115933215,lifestyle - general
12,10722#100,0.7345313233074616,0.1339896794523126,lifestyle - general
13,10722#3,0.16818080652698747,0.7742235691507529,lifestyle - general
14,10721#1,0.6240600588877844,0.20477361225923998,lifestyle - general
15,10860#1,0.21484428121854035,0.6678762019907174,lifestyle - general
16,10721#6,0.8428448558092252,0.07425235949957626,lifestyle - general
17,10721#2,0.46751083779560976,0.3302083168978321,lifestyle - general
18,10721#3,0.9726464976069892,0.012044972716177745,lifestyle - general
19,10721#100,0.2957364634972982,0.5290951248503921,lifestyle - general
20,10114,0.7275370454870314,0.13814488792146284,lifestyle - general
21,10105,0.5114532977715216,0.2911940167829439,lifestyle - general
22,6160#4,0.15644235333901182,0.805645659643586,lifestyle - general
23,6160#3,0.3937257484391934,0.4048061827728792,lifestyle - general
24,6160#5,0.12366266061201443,0.9077614138561793,lifestyle - general
25,10722#1,0.19622577338136,0.7072439505637078,lifestyle - general
26,10860#100,0.3921129547939967,0.4065888090575958,lifestyle - general
27,20107#11,0.39880999435040504,0.39923396661704347,lifestyle - general
28,10860#3,0.8012557263066,0.09622885370467496,lifestyle - general
29,20110#3,0.08945007459410559,1.0484192929300913,lifestyle - general
30,20110#9,0.3783292634215264,0.42213006512817763,lifestyle - general
31,20110#12,0.15034564076310558,0.8229091596484296,lifestyle - general
32,20110#11,0.4845693003000691,0.3146441038852883,lifestyle - general
33,20110#1,0.34810408865820863,0.458290875677877,lifestyle - general
34,20110#8,0.741968580294004,0.1296144851439513,lifestyle - general
35,20110#100,0.1352283689171548,0.8689321902600508,lifestyle - general
36,20107#101,0.3506521510583632,0.4551234925989017,lifestyle - general
37,20107#12,0.041724855908043146,1.3796051544318146,lifestyle - general
38,10860#2,0.30961554619498827,0.5091772409568736,lifestyle - general
39,20107#9,0.05289039128048274,1.2766232200801655,lifestyle - general
40,20107#3,0.06023856403057626,1.2201253894140949,lifestyle - general
41,20107#4,0.7856058762422048,0.10479527673584779,lifestyle - general
42,20107#6,0.4383528337816121,0.3581761815546328,lifestyle - general
43,20107#13,0.46132375163101225,0.3359941848091689,lifestyle - general
44,20107#8,0.4976406006237193,0.30308419441946094,lifestyle - general
45,20107#1,0.5979972259923388,0.2233008306253254,lifestyle - general
46,20107#2,0.30280880552452916,0.5188314999278764,lifestyle - general
47,20107#100,0.6720083647203722,0.17262532109901532,lifestyle - general
48,6160#2,0.7394960106664679,0.1310641645341783,lifestyle - general
49,20107#10,0.7178203365676868,0.14398424183167902,lifestyle - general
50,6160#1,0.47274268226290256,0.3253751850158436,lifestyle - general
51,6146#3,0.8379438468397448,0.07678508378588784,lifestyle - general
52,6146#1,0.9925645987613668,0.0032412185974558297,lifestyle - general
53,6139#3,0.18198043517406137,0.7399753007659218,lifestyle - general
54,6139#2,0.01886894391214715,1.7242524064573252,lifestyle - general
55,6139#1,0.1082420013971832,0.9656041862208826,lifestyle - general
56,6139#100,0.11677833792358014,0.9326377102437865,lifestyle - general
57,6142#7,0.730515225096525,0.13637072824918797,lifestyle - general
58,6142#100,0.41337791959998654,0.3836527247382085,lifestyle - general
59,6142#4,0.7728280726386209,0.11191711075067372,lifestyle - general
60,6142#6,0.04135249083050457,1.3834983259817224,lifestyle - general
61,6142#5,0.503371412612381,0.2981114524690891,lifestyle - general
62,6140#1,0.44740374219015827,0.3493003876829762,lifestyle - general
63,6142#3,0.7418426080724615,0.12968822638710864,lifestyle - general
64,6142#1,0.003376900328059449,2.4714817577278105,lifestyle - general
65,6138#2,0.9575638692301852,0.018832249078240722,lifestyle - general
66,6138#4,0.5362226427902403,0.2706548512422974,lifestyle - general
67,6138#1,0.82440744500675,0.08385809487590387,lifestyle - general
68,6138#3,0.8257716397341628,0.08314003659628666,lifestyle - general
69,4501,0.6845100950779524,0.164620142556551,lifestyle - general
70,2159,0.8780740532725669,0.05646885588040971,lifestyle - general
71,1835,3.9457786599625095e-05,4.403867280323815,lifestyle - general
72,1797,5.439096040781746e-07,6.264473272566829,lifestyle - general
73,6142#2,2.1026635710415005e-05,4.677230209447983,lifestyle - general
74,6160#100,0.5373119218800796,0.2697735231958851,lifestyle - general
75,6140#3,0.523680439213839,0.2809336477906029,lifestyle - general
76,6140#100,0.9516750881807283,0.021511298984481727,lifestyle - general
77,20110#5,0.6396182788099584,0.19407913361737694,lifestyle - general
78,6146#2,0.9936614330516795,0.0027615661101397545,lifestyle - general
79,6146#100,0.5174869554653189,0.2861005931963252,lifestyle - general
80,6145#4,0.33371366248751816,0.47662601263955934,lifestyle - general
81,6145#2,0.9639378126650751,0.015950983200453493,lifestyle - general
82,6145#6,0.11384484951148262,0.9436866126495407,lifestyle - general
83,6145#3,0.48671348335038384,0.312726622395166,lifestyle - general
84,6145#5,0.33888378161508753,0.4699492152393886,lifestyle - general
85,6145#100,0.20536913194542428,0.6874648325654286,lifestyle - general
86,6140#5,0.2821319084889822,0.5495477933305433,lifestyle - general
87,6145#1,0.019442676367114695,1.7112439528117065,lifestyle - general
88,6141#7,0.6840979960904255,0.1648816817405506,lifestyle - general
89,6141#3,0.06874531270654834,1.1627569081897566,lifestyle - general
90,6141#4,0.10342670169026942,0.9853673248814309,lifestyle - general
91,6141#8,0.4138398698303743,0.38316767120239315,lifestyle - general
92,6141#2,0.031732205390245814,1.4984997433571914,lifestyle - general
93,6141#1,0.03809328886451435,1.4191515299893729,lifestyle - general
94,6140#4,0.9041581207232321,0.043755612718688955,lifestyle - general
95,6140#6,0.5236119012675788,0.2809904908529528,lifestyle - general
96,6140#2,0.4296334949038057,0.3669018677069179,lifestyle - general
97,6141#6,0.913672928948876,0.03920924253081638,lifestyle - general
98,20110#6,0.8959210098594426,0.04773027883608686,lifestyle - general
99,670_1.0,0.4651234517168954,0.3324317626289484,lifestyle - general
100,20110#10,0.28221048110763075,0.5494268608769218,lifestyle - general
101,1845,0.0003020197431325101,3.5199646661380646,lifestyle - general
102,1807,0.7722817196360566,0.11222424504658013,lifestyle - general
103,767,0.07861653553285965,1.1044860985484095,lifestyle - general
104,699,0.001115625753676618,2.952481468813888,lifestyle - general
105,189,0.008883579516930473,2.051412005931595,lifestyle - general
106,6,0.6356608109228279,0.19677456240089897,lifestyle - general
107,5,0.14383468147836737,0.8421363840598232,lifestyle - general
108,4,0.6791556093655408,0.16803070797850234,lifestyle - general
109,3,0.4044104062940823,0.3931776776657301,lifestyle - general
110,24504,0.6422718420999516,0.19228111751364566,lifestyle - general
111,24505,0.9901705630648447,0.004289989021029766,lifestyle - general
112,24506,0.09688089620806611,1.0137618523545016,lifestyle - general
113,24507,0.5719291321624583,0.24265778137748864,lifestyle - general
114,24508,0.6921836633313735,0.15977865498231647,lifestyle - general
115,26410,0.3856025415505098,0.4138601122751085,lifestyle - general
116,26411,0.6822756603017665,0.16604012159006454,lifestyle - general
117,26412,0.8502869974855087,0.07043446206595307,lifestyle - general
118,26413,0.5778041708829652,0.23821932752311525,lifestyle - general
119,26414,0.30191288012925405,0.5201183588227467,lifestyle - general
120,2139,0.043880782810170396,1.3577256334422463,lifestyle - general
121,2946,0.5894714940985718,0.22953719184968013,lifestyle - general
122,3526,0.701496817148624,0.15397429512446692,lifestyle - general
123,3659,0.06026314348816475,1.2199482180998171,lifestyle - general
124,24501,0.7682285319526434,0.11450956720536143,lifestyle - general
125,24500,0.09126998714860318,1.039672010621288,lifestyle - general
126,24020,0.39559737621689156,0.40274659750535496,lifestyle - general
127,24019,0.7551652855823541,0.12195798246335582,lifestyle - general
128,24018,0.898918057188708,0.04627989551120444,lifestyle - general
129,24017,0.5794802038085948,0.23696139580658024,lifestyle - general
130,24016,0.6825865753230067,0.16584225739999947,lifestyle - general
131,24012,0.4766095678119051,0.3218372435543838,lifestyle - general
132,24011,0.5001454573460554,0.3009036713923954,lifestyle - general
133,26415,0.27146560110669726,0.5662851944214401,lifestyle - general
134,24010,0.5618698549267328,0.2503642677630244,lifestyle - general
135,24007,0.35731478381988563,0.4469490145880109,lifestyle - general
136,24006,0.6068986944304793,0.21688379676929306,lifestyle - general
137,24005,0.371284877501277,0.4302927393046687,lifestyle - general
138,24004,0.5860529785288463,0.23206312247551933,lifestyle - general
139,24003,0.6059819156691336,0.21754033629954786,lifestyle - general
140,22704,0.9859929109731477,0.006126207509409083,lifestyle - general
141,22702,0.40186887957284206,0.39591562394752244,lifestyle - general
142,20075,0.974172973199514,0.011363923371447574,lifestyle - general
143,20074,0.5430235576761597,0.26518132925675647,lifestyle - general
144,24008,0.5309006922420607,0.27498670838136874,lifestyle - general
145,26416,0.15421278950441367,0.8118796069539229,lifestyle - general
146,26417,0.21465829411928056,0.6682523262824002,lifestyle - general
147,26427,0.463917985714563,0.33355878991889726,lifestyle - general
148,738,0.16076291558355285,0.7938141260781216,lifestyle - general
149,728,0.42437278616689,0.3722524739613114,lifestyle - general
150,709,0.049859688098292596,1.3022504425914532,lifestyle - general
151,24502,0.9291048786211972,0.03193525948796524,lifestyle - general
152,24014,0.6090560768732144,0.21534271926299872,lifestyle - general
153,20111#101,0.301162410164667,0.5211992359136717,lifestyle - general
154,20111#11,0.9602790523634268,0.017602544782147393,lifestyle - general
155,20111#4,0.4333026793282188,0.36320862549628985,lifestyle - general
156,20111#10,0.14114590500006668,0.8503317173163721,lifestyle - general
157,777,0.7155910349447715,0.14533510899119992,lifestyle - general
158,20111#6,0.26924711295184894,0.5698489448017661,lifestyle - general
159,20111#1,0.47552189826446545,0.3228294785658146,lifestyle - general
160,20111#12,0.908270948747729,0.04178457659696095,lifestyle - general
161,20111#13,0.012717085335456799,1.8956124144561084,lifestyle - general
162,20111#3,0.8155498604145593,0.08854948227427596,lifestyle - general
163,20111#9,0.11832579812292952,0.9269205574772076,lifestyle - general
164,20111#8,0.5806269367900824,0.236102819989142,lifestyle - general
165,20111#5,0.017119106888348147,1.7665188964100171,lifestyle - general
166,20111#100,0.13716217137268294,0.8627656483186127,lifestyle - general
167,20110#4,0.5280582988716834,0.27731812769234276,lifestyle - general
168,20111#2,0.846832650394936,0.07220240571522596,lifestyle - general
169,20110#2,0.8136549321914732,0.08955973862230958,lifestyle - general
170,1031,0.3550449724387116,0.44971663273382234,lifestyle - general
171,1883,0.9503512908882324,0.022115831033508487,lifestyle - general
172,26428,0.3139924352487898,0.5030808148862838,lifestyle - general
173,26429,0.28852611334040595,0.5398148744790708,lifestyle - general
174,26430,0.10368766375614694,0.9842729107404505,lifestyle - general
175,26431,0.6750417361866243,0.17066937496868148,lifestyle - general
176,26432,0.6913296605275588,0.1603148099234166,lifestyle - general
177,26433,0.2971976016511991,0.5269546996014107,lifestyle - general
178,26434,0.20908466479678678,0.6796778191113825,lifestyle - general
179,24015,0.8721845590201023,0.059391606256635754,lifestyle - general
180,24013,0.7704105714863967,0.11327776650305992,lifestyle - general
181,1873,0.6724951143603994,0.17231086643934843,lifestyle - general
182,24009,0.9486390094346056,0.022899020487589062,lifestyle - general
183,10740,0.8044081079281916,0.09452356063779276,lifestyle - general
184,5057,0.5192871395668485,0.28459243281475016,lifestyle - general
185,4674,0.03363736055620722,1.4731780895937117,lifestyle - general
186,3669,0.7218971295105818,0.1415246850743076,lifestyle - general
187,2405,0.03192220364341829,1.4959071362078,lifestyle - general
188,2385,0.8390281768333346,0.07622345414417701,lifestyle - general
189,2375,0.41721756321021974,0.3796374177796998,lifestyle - general
190,2237,0.026167390210985547,1.582239589300752,lifestyle - general
191,2149,0.4064704873434926,0.39097098180217793,lifestyle - general
192,10877,0.7427099055827641,0.12918078382474626,lifestyle - general
193,20110#101,0.9527565771027803,0.021018044508474103,lifestyle - general
194,24503,0.3018545953454529,0.5202022081889037,lifestyle - general
195,20118_12.0,0.6582314208487512,0.18162139038632946,lifestyle - general
196,20118_16.0,0.19079586011303046,0.7194310528477107,lifestyle - general
197,20118_13.0,0.08326833698451885,1.0795201088814994,lifestyle - general
198,20118_11.0,0.7578990742758297,0.12038862339614209,lifestyle - general
199,20118_8.0,0.03724224907661831,1.4289640996544282,lifestyle - general
200,20118_7.0,0.6672686219696101,0.17569929718707603,lifestyle - general
201,20118_6.0,0.987792507246763,0.005334272438214912,lifestyle - general
202,2395_4.0,0.001409711757881683,2.850869677953464,lifestyle - general
203,2395_3.0,0.010398048003669738,1.9830481819321801,lifestyle - general
204,2395_2.0,0.039403597144811356,1.4044641297268965,lifestyle - general
205,20118_5.0,0.5450642108167897,0.26355233302468056,lifestyle - general
206,680_6.0,0.6340188221921954,0.1978978489749396,lifestyle - general
207,680_5.0,0.9607565676266844,0.017386638063947503,lifestyle - general
208,680_4.0,0.21525468317204344,0.6670473910768573,lifestyle - general
209,680_3.0,0.9736085342140086,0.011615627931435217,lifestyle - general
210,680_2.0,0.027935060385431483,1.5538503855162265,lifestyle - general
211,680_1.0,0.007354456683320641,2.1334494056218904,lifestyle - general
212,670_4.0,0.7884821619786493,0.10320812737232707,lifestyle - general
213,2395_1.0,0.7163349322957612,0.14488386981949297,lifestyle - general
214,670_3.0,0.6136059341422747,0.2121104490056483,lifestyle - general
215,670_2.0,0.571922197996286,0.24266304686964815,lifestyle - general
216,3637,0.15568062915289432,0.8077654219557454,lifestyle - exercise & work
217,3426,0.6176722010168871,0.20924194409964167,lifestyle - exercise & work
218,2634,0.08870170979854616,1.0520680087035945,lifestyle - exercise & work
219,1220,0.18869867244592994,0.7242311552215824,lifestyle - exercise & work
220,2624,0.46998179148165764,0.32791896762220796,lifestyle - exercise & work
221,3647,0.3634061010953706,0.43960778575167553,lifestyle - exercise & work
222,1160,0.8982609700220188,0.04659747026476857,lifestyle - exercise & work
223,10953,0.9789241485130159,0.009250958001205054,lifestyle - exercise & work
224,1130,0.8645539847757242,0.06320788317872358,lifestyle - exercise & work
225,104920,0.5620825612371536,0.250199888601316,lifestyle - exercise & work
226,1120,0.00029918572278935944,3.5240591349444106,lifestyle - exercise & work
227,1110,0.003930884099043269,2.4055097610356744,lifestyle - exercise & work
228,914,0.9980244439172355,0.0008588217102571207,lifestyle - exercise & work
229,894,0.027928104327110088,1.553958541857742,lifestyle - exercise & work
230,874,0.21214387029399698,0.6733695122638602,lifestyle - exercise & work
231,1200,0.5810168438228459,0.23581127712209496,lifestyle - exercise & work
232,1140,0.04151755990843738,1.3817681789900786,lifestyle - exercise & work
233,1190,0.4675998362712671,0.3301256495771301,lifestyle - exercise & work
234,6164#3,0.8650172006091539,0.06297525663302421,lifestyle - exercise & work
235,1170,2.275087346272242e-07,6.643001925039463,lifestyle - exercise & work
236,6162#3,0.5479237899015291,0.26127984284205436,lifestyle - exercise & work
237,6162#100,0.3560255728292758,0.4485188061289163,lifestyle - exercise & work
238,6164#1,0.44861829495022804,0.3481230195762359,lifestyle - exercise & work
239,6164#2,0.6272346765882086,0.20256993974547446,lifestyle - exercise & work
240,6164#100,0.1016004885129571,0.9931042038830882,lifestyle - exercise & work
241,6164#4,0.3261878368646315,0.4865322372904048,lifestyle - exercise & work
242,796,0.3661674892324097,0.43632021785449804,lifestyle - exercise & work
243,6164#5,0.25390393732710054,0.5953305644032575,lifestyle - exercise & work
244,6162#1,0.746701337789757,0.12685307058926282,lifestyle - exercise & work
245,6143#100,0.9191922311790147,0.03659365487062279,lifestyle - exercise & work
246,6143#3,0.7043092700698155,0.15223659541616932,lifestyle - exercise & work
247,6143#4,0.6757979119877549,0.17018315439834816,lifestyle - exercise & work
248,6143#2,0.6826418526615584,0.16580708871668123,lifestyle - exercise & work
249,6143#1,0.9756394657608344,0.01071064028175097,lifestyle - exercise & work
250,1210,0.10455287596735854,0.9806640164132605,lifestyle - exercise & work
251,1180,0.11369244681484468,0.9442683868126638,lifestyle - exercise & work
252,1100,0.9165739201520519,0.03783250416649822,lifestyle - exercise & work
253,884,0.2768411154821994,0.5577694095151284,lifestyle - exercise & work
254,1080,0.7130862765749634,0.14685792151754273,lifestyle - exercise & work
255,1150_1.0,0.21200958135873316,0.6736445115372937,lifestyle - exercise & work
256,1150_2.0,0.004780504485178356,2.3205262700054052,lifestyle - exercise & work
257,1150_3.0,0.5351666977485985,0.2715109195937632,lifestyle - exercise & work
258,1001,0.7371806725240381,0.13242605967948765,lifestyle - exercise & work
259,1011,0.0705777409716253,1.1513322465039404,lifestyle - exercise & work
260,1090,0.25432079061868723,0.5946181349800426,lifestyle - exercise & work
261,806,0.9485633614581099,0.022933654113691002,lifestyle - exercise & work
262,816,0.8061953122617552,0.09355973144316511,lifestyle - exercise & work
263,826,0.0688636209593825,1.1620101451321532,lifestyle - exercise & work
264,845,0.4140087395822097,0.3829904909750766,lifestyle - exercise & work
265,6162#2,0.9511540254894796,0.021749149725323942,lifestyle - exercise & work
266,6162#4,0.3788489015398784,0.4215339676355135,lifestyle - exercise & work
267,904,0.9130635876871155,0.039498976222548714,lifestyle - exercise & work
268,924,0.026956151503541845,1.5693421113978532,lifestyle - exercise & work
269,943,0.22691674287087052,0.6441334588609045,lifestyle - exercise & work
270,1070,0.09419797440491404,1.0259584359993386,lifestyle - exercise & work
271,1021,0.6660574941793513,0.176488280849036,lifestyle - exercise & work
272,991,0.03636983138506837,1.4392587123823,lifestyle - exercise & work
273,971,0.35396735934579987,0.4510367840464717,lifestyle - exercise & work
274,981,0.8474378991586228,0.07189211736193002,lifestyle - exercise & work
275,864,0.6020624041153841,0.22035849153560705,lifestyle - exercise & work
276,1558,0.001070596057458161,2.9703743602682215,lifestyle - alcohol
277,4429,0.6769996562749315,0.16941155181402617,lifestyle - alcohol
278,4440,0.08759639971326451,1.0575137433387045,lifestyle - alcohol
279,4451,0.6650730086853458,0.17713067721001838,lifestyle - alcohol
280,4462,0.8908089569999246,0.050215424826049584,lifestyle - alcohol
281,1628,0.8030736623053468,0.09524461703079506,lifestyle - alcohol
282,20403,0.3539789598469161,0.4510225512339379,lifestyle - alcohol
283,20408,0.7688656215537697,0.11414955736021319,lifestyle - alcohol
284,20409,0.8964424483267321,0.047477586945554866,lifestyle - alcohol
285,20414,0.3998255791507551,0.3981294250036262,lifestyle - alcohol
286,20416,0.801603027901925,0.09604065100949646,lifestyle - alcohol
287,1608,0.36465870049408283,0.43811342002366893,lifestyle - alcohol
288,1588,0.22248970557121114,0.6526900786922465,lifestyle - alcohol
289,1578,0.08971415820988222,1.0471390135087286,lifestyle - alcohol
290,1568,0.00254857318312385,2.5937028909861923,lifestyle - alcohol
291,5364,0.7791996269785749,0.10835126403650623,lifestyle - alcohol
292,1598,0.8546593454176593,0.06820695414393926,lifestyle - alcohol
293,20407,0.2510672806866612,0.6002098812461081,lifestyle - alcohol
294,3731,0.6134608362759505,0.2122131576837633,lifestyle - alcohol
295,20405_1.0,0.15058083952776724,0.8222302858826943,lifestyle - alcohol
296,20405_0.0,0.5416314904226831,0.26629609373348806,lifestyle - alcohol
297,20117_2.0,0.036947995583855565,1.4324091169574609,lifestyle - alcohol
298,20117_1.0,0.261621585520789,0.5823264266863449,lifestyle - alcohol
299,20117_0.0,0.10420617653773187,0.9821065386492046,lifestyle - alcohol
300,3859_5.0,0.24013747948467737,0.6195400520917185,lifestyle - alcohol
301,3859_3.0,0.5164729230916725,0.2869524421213588,lifestyle - alcohol
302,3859_2.0,0.377225889145199,0.4233985091291176,lifestyle - alcohol
303,3859_1.0,0.5634374505800138,0.24915428969015535,lifestyle - alcohol
304,2664_5.0,0.89791762260852,0.046763504855634144,lifestyle - alcohol
305,2664_4.0,0.8065345895687781,0.09337700243903178,lifestyle - alcohol
306,2664_3.0,0.6077318568754254,0.21628799764546922,lifestyle - alcohol
307,2664_2.0,0.14627716493012663,0.8348234655279604,lifestyle - alcohol
308,2664_1.0,0.32895830055373776,0.48285915064328494,lifestyle - alcohol
309,2664_0.0,0.2018734582661849,0.6949207770755104,lifestyle - alcohol
310,20405_2.0,0.14159405010162773,0.8489549956739424,lifestyle - alcohol
311,1618,0.5582867616647524,0.25314267020458114,lifestyle - alcohol
312,20410,0.40142158860457705,0.3963992746992609,lifestyle - alcohol
313,4407,0.7758396506869948,0.11022802876467269,lifestyle - alcohol
314,20404,0.1961885730446576,0.7073262915950709,lifestyle - alcohol
315,20406,0.5564449855939023,0.25457776688012607,lifestyle - alcohol
316,20415,0.10534648993636282,0.9773799301713476,lifestyle - alcohol
317,4418,0.07922317023280336,1.1011477826453735,lifestyle - alcohol
318,2644,0.5008282566029452,0.3003111763220932,lifestyle - tobacco
319,2907,0.4939097463973698,0.3063524037537534,lifestyle - tobacco
320,3159,0.47149865894471593,0.3265195381625766,lifestyle - tobacco
321,6157#3,0.5824012836007375,0.23477767651764467,lifestyle - tobacco
322,20160,0.6617448705394998,0.17930941641123713,lifestyle - tobacco
323,6157#2,0.34187473779806926,0.4661329894059173,lifestyle - tobacco
324,6157#4,0.16275586241131743,0.7884633593371468,lifestyle - tobacco
325,6158#3,0.8336073300455807,0.07903847520535724,lifestyle - tobacco
326,6158#1,0.286689528047295,0.5425881703054676,lifestyle - tobacco
327,6158#100,0.5278651307114431,0.2774770253257454,lifestyle - tobacco
328,6158#4,0.20242187884739793,0.6937425484074827,lifestyle - tobacco
329,6157#1,0.5527515966103556,0.2574699942977501,lifestyle - tobacco
330,6157#100,0.33209519220087974,0.47873741171188916,lifestyle - tobacco
331,6158#2,0.3559710770831426,0.4485852873458771,lifestyle - tobacco
332,1239,0.06772818314575156,1.1692305744801266,lifestyle - tobacco
333,3446_1.0,0.7768040130695124,0.10968853947306542,lifestyle - tobacco
334,3446_2.0,0.9417653809388559,0.026057278157003236,lifestyle - tobacco
335,3446_3.0,0.06369304854014309,1.1959079639817112,lifestyle - tobacco
336,20116_0.0,0.06474295671928014,1.1888074708656942,lifestyle - tobacco
337,20116_1.0,0.27508422463753657,0.5605343145514724,lifestyle - tobacco
338,20116_2.0,0.08952061606304534,1.0480769377413186,lifestyle - tobacco
339,22506_0.0,0.3163366689124097,0.4998504628952696,lifestyle - tobacco
340,22506_1.0,0.059194646499997276,1.2277175686257613,lifestyle - tobacco
341,22506_2.0,0.34446563008207753,0.46285410441047753,lifestyle - tobacco
342,22506_3.0,0.28202042493730556,0.5497194373673668,lifestyle - tobacco
343,2867,0.42408607746686755,0.37254598497618735,lifestyle - tobacco
344,2897,0.3302847733982289,0.48111144744559886,lifestyle - tobacco
345,3436,0.5172177834400198,0.28632655123732315,lifestyle - tobacco
346,3456,0.10932178298467903,0.9612932937915538,lifestyle - tobacco
347,20161,0.14010477534490098,0.8535470619262477,lifestyle - tobacco
348,20162,0.9713830196534355,0.012609492519631197,lifestyle - tobacco
349,22507,0.4034695661139337,0.39418921872942286,lifestyle - tobacco
350,2877_2.0,0.12727249571123408,0.8952654396411814,lifestyle - tobacco
351,2877_1.0,0.6126138991860696,0.2128131540013116,lifestyle - tobacco
352,2877_3.0,0.13206512320311645,0.8792118591477746,lifestyle - tobacco
353,3466,0.7882882313761358,0.10331495711916075,lifestyle - tobacco
354,1249,0.45823734773218405,0.3389095173880113,lifestyle - tobacco
355,1259,0.7513068440101781,0.12418265494792204,lifestyle - tobacco
356,1269,0.13030646032537047,0.88503405232956,lifestyle - tobacco
357,1279,0.4588031297323963,0.338373628214376,lifestyle - tobacco
358,2887,0.27892126456735206,0.5545183744674849,lifestyle - tobacco
359,2926,0.20251657871098377,0.6935394181383051,lifestyle - tobacco
360,3506,0.8085778541486295,0.09227815757661562,lifestyle - tobacco
361,3496,0.11832214074477872,0.9269339814618563,lifestyle - tobacco
362,3486,0.5577758362864003,0.25354030397241994,lifestyle - tobacco
363,3476,0.2958912211368827,0.5288679198287799,lifestyle - tobacco
364,2936,0.11605358015991475,0.9353414573647871,lifestyle - tobacco
365,46,0.00010356517444599876,3.984786258959416,physical - general
366,1707_3.0,0.9331376289369163,0.030054297218373705,physical - general
367,20152,0.9994844465722805,0.00022395974535396876,physical - general
368,1707_1.0,0.40388552617799833,0.3937417101220598,physical - general
369,20153,0.10630319524567554,0.9734536813213909,physical - general
370,23128,0.3074079218709778,0.5122849449673018,physical - general
371,23127,0.0012031133142732455,2.9196934670524803,physical - general
372,23126,0.00037405338013841424,3.427066416394953,physical - general
373,23125,0.0005062000418595073,3.295677823264386,physical - general
374,23123,2.246175720828745e-05,4.64855627140443,physical - general
375,47,2.6299592312628053e-05,4.580050983744018,physical - general
376,20154,0.9338683728642019,0.0297143325142389,physical - general
377,1707_2.0,0.36237337355792115,0.4408437208784919,physical - general
378,48,0.021173107545952263,1.6742153965381787,physical - general
379,49,0.9363618543849442,0.028556286952736515,physical - general
380,50,0.0028415305184987362,2.5464476752010134,physical - general
381,2306,0.4009610650999407,0.39689779703866607,physical - general
382,3088,0.3212706808810112,0.4931289062959309,physical - general
383,23121,0.0003876123230611366,3.4116024242105976,physical - general
384,23120,0.03309646111015492,1.4802184413450556,physical - general
385,23119,2.2570833919738414e-05,4.646452394841147,physical - general
386,23113,0.0005288646292819459,3.276655477831358,physical - general
387,23111,5.185155185298807e-06,5.28523824118229,physical - general
388,23110,8.035664343419315e-06,5.094978212397321,physical - general
389,23109,1.2599750257858802e-05,4.899638063033924,physical - general
390,23108,7.459874118478276e-06,5.12726850096051,physical - general
391,23107,5.007553581640144e-05,4.300374394987727,physical - general
392,23106,1.7020340871832518e-06,5.769031746409276,physical - general
393,23102,2.1778601660958316e-05,4.661970008438159,physical - general
394,23101,0.0001851241398369161,3.732536946377278,physical - general
395,23112,4.5148592791215334e-05,4.3453557813977435,physical - general
396,23099,1.5866407895229136e-05,4.799521385019579,physical - general
397,23100,0.048149100097761126,1.3174118253873968,physical - general
398,3064,0.38136350223161275,0.41866087274222763,physical - general
399,10694,0.6089182622971968,0.2154410006605961,physical - general
400,3062,0.16320925130675903,0.7872552274595963,physical - general
401,10696,0.9579230089668472,0.018669395018035443,physical - general
402,10695,0.35451902067849816,0.4503604590588798,physical - general
403,12144,0.0016867060135022846,2.772960606705392,physical - general
404,20015,0.26265092047803873,0.5806210728436161,physical - general
405,21001,0.8162775237812103,0.0881621616436424,physical - general
406,21002,0.06235662813812829,1.2051173768154002,physical - general
407,12143,0.12623417435033568,0.8988230561647729,physical - general
408,3063,0.2043381629688472,0.6896505153108777,physical - general
409,6032,0.538033131392929,0.26919098021075516,physical - bone density & sizes
410,6022,0.3170432663294211,0.49888146634401453,physical - bone density & sizes
411,6033,0.11622641193505329,0.9346951692414308,physical - bone density & sizes
412,6038,0.6293761812378215,0.20108969700068013,physical - bone density & sizes
413,12336,0.37764424906047306,0.42291712455166613,physical - bone density & sizes
414,12338,0.022762473581921818,1.6427805452379785,physical - bone density & sizes
415,12340,0.22237942874150174,0.6529053897395257,physical - bone density & sizes
416,22671,8.427155223894696e-06,5.074319006522563,physical - bone density & sizes
417,22677,0.002409429775347662,2.618085727019318,physical - bone density & sizes
418,22676,0.0020927627801524307,2.6792799972272707,physical - bone density & sizes
419,21021,0.1856607100156656,0.7312799930225532,physical - bone density & sizes
420,22670,9.024411837021788e-06,5.044581093495401,physical - bone density & sizes
421,22672,4.115687522062033e-06,5.385557605871642,physical - bone density & sizes
422,22675,0.004674270758186461,2.330286134609482,physical - bone density & sizes
423,22674,0.00014375743062851332,3.842369697959673,physical - bone density & sizes
424,5986,0.3955847307150923,0.40276048020468463,physical - bone density & sizes
425,22673,1.9840304426384498e-05,4.702451668387252,physical - bone density & sizes
426,22678,0.013664047907415548,1.864420623975786,physical - bone density & sizes
427,5984,0.2966795604414075,0.5277123731077712,physical - bone density & sizes
428,6020_1.0,0.17735430670150998,0.7511582610742398,physical - bone density & sizes
429,4196,0.7671154915218809,0.11513924680095096,physical - bone density & sizes
430,5993,0.3259060428926124,0.48690758684818625,physical - bone density & sizes
431,6014,0.4169787563795775,0.3798860702591853,physical - bone density & sizes
432,6015,0.339224643900187,0.46951260476116524,physical - bone density & sizes
433,6016,0.05074624829606276,1.2945960599082558,physical - bone density & sizes
434,6017,0.847921057882074,0.0716445790193417,physical - bone density & sizes
435,22679,1.3303027600661582e-05,4.876049507858067,physical - bone density & sizes
436,6020_31.0,0.7731610188416479,0.1117300503092028,physical - bone density & sizes
437,6020_32.0,0.8497399674518749,0.07071395426006746,physical - bone density & sizes
438,5983,0.3370509458211213,0.4723044498207914,physical - bone density & sizes
439,6020_33.0,0.77968429809628,0.10808121185962026,physical - bone density & sizes
440,93,0.44660738199612887,0.35007410272967643,physical - bone density & sizes
441,94,0.47534491051368727,0.3229911516912314,physical - bone density & sizes
442,95,0.2648354797225348,0.5770238333730843,physical - bone density & sizes
443,102,0.5889697124591875,0.2299070380652783,physical - bone density & sizes
444,4079,0.060979539752401064,1.2148158578280805,physical - bone density & sizes
445,4080,1.9888519781245612e-05,4.701397538381788,physical - bone density & sizes
446,4194,0.2391425328172281,0.6213431753477479,physical - bone density & sizes
447,4195,0.9693592798640421,0.013515227755185544,physical - bone density & sizes
448,6020_34.0,0.9639829327975916,0.015930655160906863,physical - bone density & sizes
449,22680,1.7136398843848116e-05,4.766080438338399,physical - bone density & sizes
450,22681,6.726505110535526e-05,4.172210523509382,physical - bone density & sizes
451,6034,0.176524315840242,0.7531954630360349,physical - bone density & sizes
452,22685,0.3451936064790946,0.46193725668962965,physical - bone density & sizes
453,22684,0.6788567690053429,0.16822184721046513,physical - bone density & sizes
454,22683,0.6332866671922975,0.1983996552314311,physical - bone density & sizes
455,22682,0.93405727964714,0.029626490502332774,physical - bone density & sizes
456,6019,0.8039849963947682,0.09475205578358807,physical - bone density & sizes
457,5992,0.7717089114390291,0.11254648463218933,physical - bone density & sizes
458,30790,0.989326091571364,0.004660537090543525,physical - cardiac
459,30780,0.15304786012285743,0.8151727382217058,physical - cardiac
460,30770,0.48706908043093383,0.3124094389448306,physical - cardiac
461,30760,0.023700130345173813,1.6252492654652522,physical - cardiac
462,30750,0.28648824233342324,0.5428931970630683,physical - cardiac
463,30290,0.5759485652105407,0.23961629928971365,physical - cardiac
464,30800,0.18405206315833106,0.7350593099029629,physical - cardiac
465,30730,0.004768905293352021,2.3215813022218312,physical - cardiac
466,30720,0.01790957137162398,1.7469148079625845,physical - cardiac
467,30710,0.549792353888176,0.2598013043020515,physical - cardiac
468,30700,0.006742145563093652,2.171201875284951,physical - cardiac
469,30740,0.17071298429513176,0.7677334455327623,physical - cardiac
470,30810,0.1489899458960168,0.8268430375555426,physical - cardiac
471,30850,0.0007755609801082863,3.110384049193569,physical - cardiac
472,30830,0.591992464364313,0.2276838214963807,physical - cardiac
473,30840,0.01415129682893933,1.849203759443905,physical - cardiac
474,30690,0.017454699163329312,1.7580876319733736,physical - cardiac
475,30860,0.4593520043440911,0.3378543842769096,physical - cardiac
476,30870,0.15062644613493173,0.8220987704849997,physical - cardiac
477,30880,0.24722126564562347,0.6069141745406571,physical - cardiac
478,30890,0.00346866113357179,2.459838125931456,physical - cardiac
479,30104,0.3956771608635472,0.40265901720224445,physical - cardiac
480,30300,0.5804776183239629,0.23621452084494143,physical - cardiac
481,30150,0.2582173743403114,0.5880145392722965,physical - cardiac
482,30160,0.4963964250880784,0.30417135483267804,physical - cardiac
483,30820,0.0874945271017705,1.0580191118215392,physical - cardiac
484,30170,0.6910915227611837,0.16046443424940737,physical - cardiac
485,30680,0.1225916784046417,0.9115390089823914,physical - cardiac
486,30660,0.35423801825552725,0.45070483040586673,physical - cardiac
487,30110,0.8742642016232203,0.058357304244334864,physical - cardiac
488,30120,0.41347349320340737,0.3835523267994171,physical - cardiac
489,30130,0.04275921285172347,1.3689702982551093,physical - cardiac
490,30140,0.6825350324583713,0.1658750526932183,physical - cardiac
491,30180,0.5475145272476104,0.26160435316405645,physical - cardiac
492,30190,0.001778912835115769,2.749845331374004,physical - cardiac
493,30100,0.8472586612106144,0.07198398283670383,physical - cardiac
494,30200,0.6063323535586634,0.21728925743365513,physical - cardiac
495,30220,0.0012955961105571294,2.887530364433173,physical - cardiac
496,30240,0.3547632000288388,0.45006143634114887,physical - cardiac
497,30250,0.5551813274212019,0.2555651490631192,physical - cardiac
498,30260,0.06611554187734926,1.1796964382727253,physical - cardiac
499,30270,0.02392096969865188,1.6212212190716866,physical - cardiac
500,30280,0.4220490716481899,0.3746370506804305,physical - cardiac
501,30210,0.7255124687838268,0.13935511930139471,physical - cardiac
502,30670,0.0016499631114370303,2.7825257652881716,physical - cardiac
503,30090,0.02043182649017216,1.6896928081523488,physical - cardiac
504,30070,0.6406885608605085,0.1933530300264142,physical - cardiac
505,30650,0.015833394580161003,1.8004259651511425,physical - cardiac
506,30640,0.4557966678127204,0.3412288541355424,physical - cardiac
507,30630,0.1305680626039352,0.8841630399912093,physical - cardiac
508,30620,0.37377505873332545,0.42738968159783536,physical - cardiac
509,30610,0.8976494783428798,0.04689321716293311,physical - cardiac
510,30600,0.597465404721355,0.22368723677914348,physical - cardiac
511,30080,0.05764142664198007,1.239265278810996,physical - cardiac
512,30000,0.8206446877785903,0.08584483744560649,physical - cardiac
513,30020,0.016929717219952744,1.7713502959276723,physical - cardiac
514,30030,0.027447615388187872,1.5614953804939251,physical - cardiac
515,30040,0.0076560725902005515,2.1159939574968756,physical - cardiac
516,30050,0.011403542698181572,1.9429602069745058,physical - cardiac
517,30060,0.17130305545226282,0.7662348906584057,physical - cardiac
518,30010,0.89664880272803,0.047377627082226044,physical - cardiac
519,30230,0.6513003656623398,0.18621867799804734,physical - cardiac
520,4092,0.5336340212300921,0.2727564902581164,blood assays
521,4095,0.7744198274739189,0.11102353631397206,blood assays
522,3085,0.303868269348411,0.5173146476211459,blood assays
523,4101,0.4181629745532497,0.3786544235964838,blood assays
524,4123,0.9486397679794252,0.022898673219877687,blood assays
525,4120,0.6692679458093976,0.1743999747745712,blood assays
526,3084,0.0775063670139759,1.110662619487802,blood assays
527,3083,0.14991479375860023,0.8241555083744644,blood assays
528,78,0.7426655736157384,0.12920670740962636,blood assays
529,4119,0.9525232039608822,0.021124435883919292,blood assays
530,4104,0.4171357258920955,0.3797226130950495,blood assays
531,4140,0.11566383688500521,0.9368024050607255,blood assays
532,4100,0.47246388690233043,0.32563138147942705,blood assays
533,3144,0.040334288070181634,1.3943256042700514,blood assays
534,3143,0.04919032147781451,1.3081203391486445,blood assays
535,77,0.43481125407175797,0.36169922374395125,blood assays
536,20171_1.0,0.9461150726478835,0.024056038675687605,cognitive phenotypes
537,20169_5.0,0.7888077266302661,0.10302884398919122,cognitive phenotypes
538,20169_4.0,0.5545690702857248,0.2560443557801815,cognitive phenotypes
539,20169_3.0,0.6479699951365024,0.1884451040805606,cognitive phenotypes
540,20191,0.5535808360417479,0.2568189527734423,cognitive phenotypes
541,20147,0.6350805466243042,0.19717119008427958,cognitive phenotypes
542,20171_2.0,0.7434553788536539,0.12874509210391585,cognitive phenotypes
543,20171_3.0,0.6191535327217348,0.20820164476668537,cognitive phenotypes
544,20171_4.0,0.8123969011793257,0.09023174184439231,cognitive phenotypes
545,20171_5.0,0.47897262581829914,0.3196893066183733,cognitive phenotypes
546,20173_1.0,0.2479234191143691,0.605682447367901,cognitive phenotypes
547,20173_2.0,0.3964150317269817,0.40184988579042474,cognitive phenotypes
548,20173_3.0,0.5628981139780307,0.24957020646558606,cognitive phenotypes
549,20173_4.0,0.9611816540656062,0.017194527104622874,cognitive phenotypes
550,20173_5.0,0.19647675901603734,0.706688814387969,cognitive phenotypes
551,20175_1.0,0.6966995060648783,0.1569544973646324,cognitive phenotypes
552,20175_2.0,0.6344474886980136,0.19760431732409114,cognitive phenotypes
553,20175_3.0,0.3909382985207199,0.40789178154661226,cognitive phenotypes
554,20148,0.2343456553863056,0.6301430936020334,cognitive phenotypes
555,20169_2.0,0.5444488499149148,0.2640429152528576,cognitive phenotypes
556,20165_4.0,0.5184882340308978,0.2852610945371078,cognitive phenotypes
557,20165_5.0,0.06909661100346311,1.160543253039535,cognitive phenotypes
558,20200,0.3442710034100412,0.4630995546677636,cognitive phenotypes
559,20240,0.8888900889922866,0.05115193609970835,cognitive phenotypes
560,20242,0.6855243572814135,0.16397710973663795,cognitive phenotypes
561,20244,0.15830133414736947,0.8005154249329759,cognitive phenotypes
562,20245,0.1038874198183836,0.9834370398753899,cognitive phenotypes
563,20247,0.6712375414876574,0.17312376194546084,cognitive phenotypes
564,20248,0.7782675194767803,0.10887109418999881,cognitive phenotypes
565,23321,0.014415294662155687,1.841176475798124,cognitive phenotypes
566,6362_17.0,0.4308979768518036,0.3656255450022808,cognitive phenotypes
567,6362_18.0,0.21719948935153555,0.6631412001332413,cognitive phenotypes
568,20175_4.0,0.20905967141453966,0.6797297365335113,cognitive phenotypes
569,6362_19.0,0.37561099271211834,0.42526170606419633,cognitive phenotypes
570,6362_20.0,0.5066357064168197,0.29530420547849556,cognitive phenotypes
571,6362_21.0,0.6733394674454684,0.1717659288390035,cognitive phenotypes
572,6362_22.0,0.6521013937882111,0.18568487153938582,cognitive phenotypes
573,6362_23.0,0.7736554384080269,0.11145241724455622,cognitive phenotypes
574,6362_24.0,0.9721294433254024,0.01227590299652753,cognitive phenotypes
575,6362_25.0,0.1302496878540482,0.8852233088225021,cognitive phenotypes
576,6362_26.0,0.8612584690256315,0.0648664945089737,cognitive phenotypes
577,6362_27.0,0.8505044146721187,0.07032342777420511,cognitive phenotypes
578,6362_28.0,0.03632675368206351,1.439773410861755,cognitive phenotypes
579,6362_29.0,0.4604614204715299,0.3368067510875641,cognitive phenotypes
580,6362_30.0,0.16457471640487653,0.7836368846114166,cognitive phenotypes
581,6362_31.0,0.09202361308316641,1.0361007192207863,cognitive phenotypes
582,20165_1.0,0.21734260777671727,0.6628551263789455,cognitive phenotypes
583,20165_2.0,0.8681281242934287,0.06141617393952813,cognitive phenotypes
584,20165_3.0,0.5597047035793798,0.2520410434059616,cognitive phenotypes
585,20169_1.0,0.755232486074467,0.12191933727534938,cognitive phenotypes
586,20175_5.0,0.17897367246338897,0.7472108502760338,cognitive phenotypes
587,10241,0.7425396316055248,0.1292803617706727,cognitive phenotypes
588,20177_2.0,0.3552691101726441,0.44944255176978987,cognitive phenotypes
589,10612,0.48528720439901635,0.3140011596061257,cognitive phenotypes
590,20023,0.10368137824077757,0.9842992383409003,cognitive phenotypes
591,20132,0.06058438295197922,1.2176393110130064,cognitive phenotypes
592,20133,0.00464649515534374,2.332874511329803,cognitive phenotypes
593,20149,0.037100150324399624,1.4306243306834718,cognitive phenotypes
594,20155,0.0007418084364490196,3.1297082318291647,cognitive phenotypes
595,20156,0.6949180769955282,0.15806639081400828,cognitive phenotypes
596,20157,0.21428186796816823,0.6690145763894719,cognitive phenotypes
597,20159,0.027963132145352353,1.553414184955748,cognitive phenotypes
598,20195,0.013710039108558244,1.8629613063624337,cognitive phenotypes
599,20229,0.54374683101545,0.26460326112055005,cognitive phenotypes
600,20230,0.35766540516182,0.4465230645306731,cognitive phenotypes
601,23322,0.8406560724526864,0.07538164556467335,cognitive phenotypes
602,23323,0.19656572490416663,0.7064922076773322,cognitive phenotypes
603,23324,0.1156728651979809,0.9367685068813798,cognitive phenotypes
604,20246_3.0,0.2461798173531836,0.6087475548630026,cognitive phenotypes
605,20246_2.0,0.4219613468818152,0.37472733009230397,cognitive phenotypes
606,20246_1.0,0.18561065612258185,0.7313970940525726,cognitive phenotypes
607,20246_0.0,0.9242051940563032,0.03423159506460611,cognitive phenotypes
608,20187_5.0,0.8751289322732061,0.05792795789224124,cognitive phenotypes
609,20187_4.0,0.7706485802731485,0.11314361733242663,cognitive phenotypes
610,20187_3.0,0.2909890026622044,0.536123423981001,cognitive phenotypes
611,20187_2.0,0.7543317467247862,0.1224376142285595,cognitive phenotypes
612,20187_1.0,0.5679672695210325,0.2456766908311905,cognitive phenotypes
613,20185_5.0,0.6326739331590975,0.19882005856815252,cognitive phenotypes
614,10609,0.05878052089981495,1.2307665696258956,cognitive phenotypes
615,20177_1.0,0.48506954557959664,0.31419599109629465,cognitive phenotypes
616,20131,0.7967782738589276,0.09866251654196484,cognitive phenotypes
617,10144,0.7251621337632095,0.13956488180631793,cognitive phenotypes
618,20177_3.0,0.5227157489309182,0.28173441482332046,cognitive phenotypes
619,20177_4.0,0.6877667348927538,0.1625588334600444,cognitive phenotypes
620,20177_5.0,0.8764738813598094,0.05726102121344866,cognitive phenotypes
621,20179_1.0,0.6727624274367873,0.1721382710931983,cognitive phenotypes
622,20179_2.0,0.9969369669460335,0.001332299835696053,cognitive phenotypes
623,20179_3.0,0.3820419546562387,0.4178889416035031,cognitive phenotypes
624,20179_4.0,0.4602153256329854,0.33703892298373145,cognitive phenotypes
625,20179_5.0,0.7137261568809329,0.14646838677832186,cognitive phenotypes
626,20181_1.0,0.34869041066564954,0.45755999599155506,cognitive phenotypes
627,20181_2.0,0.6991989745682516,0.15539921730110826,cognitive phenotypes
628,20181_3.0,0.22443658398259514,0.6489063500594695,cognitive phenotypes
629,20181_4.0,0.9654697228550371,0.015261341152491755,cognitive phenotypes
630,20181_5.0,0.34309744941584047,0.46458251047411936,cognitive phenotypes
631,20183_1.0,0.44665806200214986,0.35002482276003416,cognitive phenotypes
632,20183_2.0,0.875628003116709,0.05768035788003893,cognitive phenotypes
633,20183_3.0,0.7855117656515733,0.1048473055708108,cognitive phenotypes
634,20183_4.0,0.0002799912721076871,3.552855506281166,cognitive phenotypes
635,20183_5.0,0.7906873655791157,0.10199520075366925,cognitive phenotypes
636,20185_1.0,0.14446362147352385,0.8402415022664376,cognitive phenotypes
637,6348,0.9212662519786892,0.03561483771372437,cognitive phenotypes
638,6350,0.1908696253129919,0.7192631790371519,cognitive phenotypes
639,6772,0.8054333115750989,0.0939704125556584,cognitive phenotypes
640,6773,0.7332906584737862,0.1347238475274065,cognitive phenotypes
641,10137,0.24677237360325535,0.6077034615886711,cognitive phenotypes
642,10138,0.08563932883658656,1.0673267449706527,cognitive phenotypes
643,10147,0.4725860241968778,0.3255191259197389,cognitive phenotypes
644,20128,0.7437592203248474,0.1285676373153177,cognitive phenotypes
645,5790_47.0,0.9744852052492285,0.011224750007001733,cognitive phenotypes
646,20016,0.2233322053136474,0.651048645573891,cognitive phenotypes
647,4290,0.44000496753747814,0.3565424204185006,cognitive phenotypes
648,6333,0.8785173005290109,0.056249681578701576,cognitive phenotypes
649,10610,0.6943265729907461,0.1584362132795131,cognitive phenotypes
650,10141,0.06375756400109031,1.1954682844772928,cognitive phenotypes
651,6332#4,0.8702079961104384,0.06037693040817735,cognitive phenotypes
652,6332#6,0.7625456147881942,0.1177341721014671,cognitive phenotypes
653,6332#7,0.39493463222194924,0.4034747808661216,cognitive phenotypes
654,6332#0,0.06243031110737934,1.2046045008546873,cognitive phenotypes
655,6332#1,0.5252787810124118,0.2796101424585467,cognitive phenotypes
656,6332#5,0.7547436941932151,0.12220050677592245,cognitive phenotypes
657,6332#2,0.7031848012831995,0.15293052472349428,cognitive phenotypes
658,4285,0.08799063151046105,1.0555635653487194,cognitive phenotypes
659,6332#3,0.5737064682571061,0.241310253634148,cognitive phenotypes
660,4294,0.850109068959903,0.07052535074612663,cognitive phenotypes
661,4979_4.0,0.24703837663253206,0.6072355752216647,cognitive phenotypes
662,4979_5.0,0.27433001711321825,0.5617266694155397,cognitive phenotypes
663,4990_68.0,0.4956825430122737,0.3047963758435702,cognitive phenotypes
664,4990_69.0,0.660743916671651,0.17996682663453506,cognitive phenotypes
665,4990_70.0,0.8524847683819695,0.06931337194456376,cognitive phenotypes
666,4990_71.0,0.6188988903632305,0.2083802959621511,cognitive phenotypes
667,4990_72.0,0.17242311561820897,0.7634045116408076,cognitive phenotypes
668,5001_1.0,0.07955120436174364,1.0993532409865998,cognitive phenotypes
669,5001_2.0,0.9741732039157162,0.011363820516241806,cognitive phenotypes
670,20018,0.422335814271793,0.37434208864115015,cognitive phenotypes
671,4924,0.8953710884814232,0.047996933088264485,cognitive phenotypes
672,5001_4.0,0.7753920339259252,0.11047866507730567,cognitive phenotypes
673,4256,0.8165207825119213,0.08803275689745052,cognitive phenotypes
674,4292_0.0,0.6966972265542345,0.1569559183223121,cognitive phenotypes
675,20185_2.0,0.9548513896983022,0.020064215490787025,cognitive phenotypes
676,399,0.8609857554368814,0.06500403366403874,cognitive phenotypes
677,400,0.8147221590068913,0.08899047148419632,cognitive phenotypes
678,404,0.06987496240850474,1.1556784127482158,cognitive phenotypes
679,630,0.9453420489231352,0.02441102420816569,cognitive phenotypes
680,4253,0.7468316769944635,0.1267772696568923,cognitive phenotypes
681,4254,0.553634262739245,0.25677704055610917,cognitive phenotypes
682,4979_3.0,0.8081518847729703,0.09250700986916112,cognitive phenotypes
683,4979_2.0,0.5485954237727539,0.26074781947762526,cognitive phenotypes
684,4979_1.0,0.920814536955146,0.03582783309072231,cognitive phenotypes
685,4968_8.0,0.4172271656733707,0.3796274223980646,cognitive phenotypes
686,4255,0.6110203645587731,0.21394431501421093,cognitive phenotypes
687,4968_7.0,0.5358900141993407,0.27092433554554535,cognitive phenotypes
688,4968_5.0,0.3708315091670048,0.4308233714100256,cognitive phenotypes
689,4957_4.0,0.155164943118894,0.8092063934502766,cognitive phenotypes
690,4957_2.0,0.868997636353122,0.06098140481737765,cognitive phenotypes
691,4957_1.0,0.7346725404634289,0.1339061922885665,cognitive phenotypes
692,4935_17.0,0.8526840919899247,0.06921183930993263,cognitive phenotypes
693,4935_16.0,0.5969662234418651,0.2240502407094846,cognitive phenotypes
694,4935_15.0,0.14294051480466718,0.8448446581070805,cognitive phenotypes
695,4935_14.0,0.6826048347025546,0.1658306400579581,cognitive phenotypes
696,4935_13.0,0.9885043982258496,0.00502139400739823,cognitive phenotypes
697,4292_3.0,0.13771391465495186,0.8610221762822432,cognitive phenotypes
698,4292_1.0,0.6822612990304515,0.16604926318325156,cognitive phenotypes
699,4968_6.0,0.28116998914128216,0.551031035877981,cognitive phenotypes
700,5001_5.0,0.9898442399185147,0.004433139812466327,cognitive phenotypes
701,5001_3.0,0.33223753388029686,0.4785513055502182,cognitive phenotypes
702,5012_26.0,0.6454424076334419,0.1901425034562229,cognitive phenotypes
703,5012_25.0,0.5381224767164082,0.26911886762635256,cognitive phenotypes
704,6362_8.0,0.6423806625870739,0.19220754098300274,cognitive phenotypes
705,6362_9.0,0.9280175994039235,0.03244378751871086,cognitive phenotypes
706,6362_10.0,0.08096342670402887,1.0917111189929485,cognitive phenotypes
707,6362_11.0,0.06179173492355157,1.2090696109490835,cognitive phenotypes
708,6362_12.0,0.24821417911340118,0.6051734132691131,cognitive phenotypes
709,6362_13.0,0.4748580804680498,0.3234361673835651,cognitive phenotypes
710,6362_14.0,0.2206229845024219,0.6563492447399422,cognitive phenotypes
711,6362_15.0,0.06142259424930514,1.2116718446112087,cognitive phenotypes
712,6362_16.0,0.7465177336555587,0.12695987107723355,cognitive phenotypes
713,398,0.23123203281855667,0.6359520028090568,cognitive phenotypes
714,6362_6.0,0.027774001635872233,1.5563615432538573,cognitive phenotypes
715,403,0.5797313740778973,0.2367731957130612,cognitive phenotypes
716,4282,0.981145950388707,0.008266384328755495,cognitive phenotypes
717,4283,0.5894245576065229,0.2295717737951842,cognitive phenotypes
718,4291,0.8412457034743864,0.07507714085073686,cognitive phenotypes
719,6349,0.29385028935237195,0.5318738773025632,cognitive phenotypes
720,6351,0.44433274189262434,0.35229168338443917,cognitive phenotypes
721,6373,0.5717087545191518,0.2428251574267121,cognitive phenotypes
722,6374,0.36653752745518503,0.4358815540860034,cognitive phenotypes
723,6382,0.27577122762502565,0.5594510475710597,cognitive phenotypes
724,6383,0.37436680645335946,0.42670266531110984,cognitive phenotypes
725,6770,0.8948656232108985,0.048242175275716274,cognitive phenotypes
726,6771,0.41943004957337543,0.3773404582378654,cognitive phenotypes
727,4250,0.4127236534510603,0.38434064072058666,cognitive phenotypes
728,6362_5.0,0.35730047079622096,0.44696641154996375,cognitive phenotypes
729,6362_7.0,0.13064213706473773,0.8839167239554674,cognitive phenotypes
730,6362_3.0,0.22050457881544003,0.6565823879030235,cognitive phenotypes
731,5012_27.0,0.43952272289927463,0.3570186674055238,cognitive phenotypes
732,5012_28.0,0.1177828955837243,0.9289177731563099,cognitive phenotypes
733,5012_29.0,0.029078151629461237,1.536433203130682,cognitive phenotypes
734,5556_1.0,0.15834479900996953,0.8003961968854755,cognitive phenotypes
735,5556_3.0,0.8814017524585366,0.05482609033357028,cognitive phenotypes
736,5556_4.0,0.4466746843474749,0.35000866082511956,cognitive phenotypes
737,5556_5.0,0.36905391242879393,0.43291018625268474,cognitive phenotypes
738,5699_92.0,0.24815656833719857,0.6052742251821592,cognitive phenotypes
739,5699_93.0,0.07617779144895698,1.1181716225839053,cognitive phenotypes
740,5699_94.0,0.3712647831525964,0.4303162444389754,cognitive phenotypes
741,6362_4.0,0.4120010423358938,0.3851016852286267,cognitive phenotypes
742,5699_95.0,0.5958324215233378,0.22487586885245067,cognitive phenotypes
743,20185_4.0,0.2888260344005547,0.5393636626020372,cognitive phenotypes
744,5779_1.0,0.5085385492375328,0.2936761202504172,cognitive phenotypes
745,6362_2.0,0.9827011340825155,0.007578542751787474,cognitive phenotypes
746,6362_1.0,0.4768546877314905,0.32161394366619855,cognitive phenotypes
747,6362_0.0,0.9706182220168001,0.012951559665014744,cognitive phenotypes
748,5790_50.0,0.2513133834704638,0.5997843828256406,cognitive phenotypes
749,5790_49.0,0.7461873291992928,0.12715212986708657,cognitive phenotypes
750,5790_48.0,0.6988046886674248,0.1556441897572823,cognitive phenotypes
751,5699_96.0,0.057836487133221606,1.2377980930473433,cognitive phenotypes
752,5790_46.0,0.41149351159062086,0.3856370083316765,cognitive phenotypes
753,5779_5.0,0.4293616662165978,0.3671767323584581,cognitive phenotypes
754,5779_4.0,0.6883530983138864,0.16218872846271123,cognitive phenotypes
755,5779_2.0,0.681151843021702,0.1667560639525904,cognitive phenotypes
756,5790_45.0,0.6233658844038477,0.20525696949674657,cognitive phenotypes
757,20433,0.18514259119161613,0.7324936623289691,mental health self-report
758,20420,0.1730922305752422,0.7617224254465379,mental health self-report
759,5375,0.7172767760712091,0.14431323048814074,mental health self-report
760,4609,0.20840789633601972,0.6810858301412607,mental health self-report
761,20544#4,0.6161538526589037,0.21031083163752579,mental health self-report
762,20537,0.8676020986233662,0.061679406151337615,mental health self-report
763,20449,0.5848109035058086,0.23298453877204645,mental health self-report
764,20448,0.1327711615880097,0.8768962451733171,mental health self-report
765,20447,0.781874611640691,0.1068628886777365,mental health self-report
766,20446,0.01826698288527549,1.738333178125355,mental health self-report
767,20445,0.38770910647978923,0.411493998199714,mental health self-report
768,20441,0.25339420089077874,0.5962033284815973,mental health self-report
769,20437,0.656855002396854,0.18253048829222918,mental health self-report
770,20435,0.09117208298808005,1.0401381228586704,mental health self-report
771,20431,0.29690614011784383,0.5273808209565848,mental health self-report
772,20429,0.8106613979477343,0.09116050671311984,mental health self-report
773,20428,0.441314406820918,0.3552518946677001,mental health self-report
774,20427,0.4686282207590956,0.3291715617678405,mental health self-report
775,20426,0.4051821921796611,0.3923496502023226,mental health self-report
776,20425,0.21160515333280597,0.6744737599036361,mental health self-report
777,20423,0.7039756864011196,0.15244234006835994,mental health self-report
778,20422,0.8747590158283839,0.05811157270405693,mental health self-report
779,20421,0.9037045077177204,0.04397355143399649,mental health self-report
780,20419,0.5961939726378347,0.22461241888265784,mental health self-report
781,20417,0.9726189578685223,0.012057269604930254,mental health self-report
782,20401,0.5772549731802975,0.23863231685087785,mental health self-report
783,6156#15,0.14824468046548048,0.8290208816799725,mental health self-report
784,6156#14,0.22158583248724176,0.6544580105018517,mental health self-report
785,6156#13,0.6406605777137304,0.19337199898010232,mental health self-report
786,20450,0.32525887034071244,0.4877708506849196,mental health self-report
787,6156#11,0.9486448184598794,0.022896361077769017,mental health self-report
788,20456,0.9368109821477848,0.028348026712138465,mental health self-report
789,20466,0.1552773093064614,0.8088920031444281,mental health self-report
790,20544#15,0.13326711482788806,0.8752770044551867,mental health self-report
791,20544#11,0.012981371821928584,1.88667941052386,mental health self-report
792,20543,0.9957846987162701,0.00183455140274189,mental health self-report
793,20542,0.8990544955545392,0.046213983015016745,mental health self-report
794,20541,0.9053562029558281,0.04318051853821592,mental health self-report
795,20540,0.43407704569452005,0.36243317935776004,mental health self-report
796,20538,0.7058801461990144,0.1512690330320253,mental health self-report
797,20535,0.32392175902357323,0.48955987784202276,mental health self-report
798,20534,0.7476734727478964,0.12628802773045142,mental health self-report
799,20533,0.5037905184322157,0.2977500103816089,mental health self-report
800,20532,0.6591188999373095,0.18103623498280041,mental health self-report
801,20502,0.24718430988608073,0.606979099708447,mental health self-report
802,20501,0.417237761025703,0.37961639376665124,mental health self-report
803,20500,0.23540632842218434,0.6281818662084256,mental health self-report
804,20499,0.04374697987322768,1.3590519236625966,mental health self-report
805,20493,0.5231092687286322,0.2814075848434543,mental health self-report
806,20486,0.7296637237070019,0.13687724479227945,mental health self-report
807,20484,0.9057937776561643,0.04297066702563185,mental health self-report
808,20483,0.16356552272638067,0.7863082340855441,mental health self-report
809,20481,0.6811291988889313,0.1667705018279012,mental health self-report
810,20480,0.5987611949282887,0.22274635357716355,mental health self-report
811,20477,0.2561491088534395,0.5915071507019755,mental health self-report
812,20471,0.44431823569066425,0.35230586209717146,mental health self-report
813,20463,0.7594423213421562,0.11950520465049103,mental health self-report
814,20544#5,0.6396203327307457,0.19407773902772626,mental health self-report
815,6156#100,0.7520991934645814,0.12372487705017524,mental health self-report
816,5674,0.4265646836466766,0.37001510372080215,mental health self-report
817,20530_1.0,0.5346065494616249,0.27196572500780236,mental health self-report
818,20530_0.0,0.19653704963062846,0.7065555677647879,mental health self-report
819,20529_2.0,0.7504891267428278,0.12465559553236727,mental health self-report
820,20529_1.0,0.6576777690042376,0.18198683802817273,mental health self-report
821,20529_0.0,0.05806186245764777,1.2361090373623163,mental health self-report
822,20528_2.0,0.6625133305423824,0.1788053787907734,mental health self-report
823,20528_1.0,0.006201495089806977,2.2075035958279807,mental health self-report
824,20528_0.0,0.8809668556566338,0.05504043060748101,mental health self-report
825,20527_2.0,0.37983616547335325,0.42040368699827346,mental health self-report
826,20527_1.0,0.04865877426684848,1.312838835311668,mental health self-report
827,20527_0.0,0.3289027665328196,0.4829324734772589,mental health self-report
828,20526_2.0,0.899691628053924,0.045906320764447374,mental health self-report
829,20526_1.0,0.866787592340005,0.06208731403061888,mental health self-report
830,20526_0.0,0.13994963153940074,0.8540282406105785,mental health self-report
831,20411_2.0,0.09224940624536489,1.0350364204555307,mental health self-report
832,20411_1.0,0.09882952904514042,1.00511327418466,mental health self-report
833,20411_0.0,0.05202162459745496,1.2838160892279407,mental health self-report
834,20126_5.0,0.10358137876150612,0.9847183124286795,mental health self-report
835,20126_4.0,0.019364198776093557,1.713000467917252,mental health self-report
836,20126_3.0,0.3338223919198154,0.4764845353588253,mental health self-report
837,20126_2.0,0.4563425333461379,0.34070905098044507,mental health self-report
838,20126_1.0,0.36250979304677383,0.4406802566551199,mental health self-report
839,20126_0.0,0.5088688145180501,0.29339416358479714,mental health self-report
840,20530_2.0,0.9390349212915053,0.027318256677237775,mental health self-report
841,6156#12,0.08820172786709791,1.0545229069793383,mental health self-report
842,20531_0.0,0.0009624494101427254,3.016622089324168,mental health self-report
843,20531_2.0,0.5428967650925014,0.26528274612597746,mental health self-report
844,4653,0.3650349582623587,0.43766554252039924,mental health self-report
845,4642,0.26053964593104423,0.5841261813894221,mental health self-report
846,4631,0.033995726787346324,1.468575669702107,mental health self-report
847,4598,0.14604169340934564,0.8355231398823311,mental health self-report
848,2100,0.12055360728529668,0.918819789843475,mental health self-report
849,2090,0.04162665963987641,1.3806284379763958,mental health self-report
850,2040,0.3127666885477805,0.504779508010732,mental health self-report
851,2030,0.4790669520975743,0.31960378743176693,mental health self-report
852,2020,0.0051804907586715885,2.285629096685772,mental health self-report
853,2010,0.7794916354537161,0.10818854076479358,mental health self-report
854,2000,0.010932203447322512,1.9612922947229399,mental health self-report
855,1990,0.7256665254210839,0.13926291021074516,mental health self-report
856,1980,0.01191368998007769,1.9239537053697353,mental health self-report
857,1970,0.10892131609380346,0.962887119729949,mental health self-report
858,1960,0.005567188157813926,2.2543641003170247,mental health self-report
859,1950,0.030453016042823376,1.5163696887161653,mental health self-report
860,1940,0.004774522790071005,2.3210700293149467,mental health self-report
861,1930,0.007828136481783904,2.1063416111222484,mental health self-report
862,1920,0.0904062463127035,1.0438015623849966,mental health self-report
863,20536_3.0,0.2421326297025822,0.6159466812525995,mental health self-report
864,20536_2.0,0.326578273123406,0.48601271175025496,mental health self-report
865,20536_1.0,0.016950666025052546,1.7708132328401065,mental health self-report
866,20536_0.0,0.20915201544109854,0.6795379460930071,mental health self-report
867,20531_1.0,0.007024531238141993,2.1533826518471946,mental health self-report
868,20539,0.43211160843139385,0.36440406645901036,mental health self-report
869,20544#6,0.703220575107942,0.15290843098729787,mental health self-report
870,20544#7,0.3643458519379664,0.4384861705352541,mental health self-report
871,20491,0.5639419174369456,0.24876562338472816,mental health self-report
872,20490,0.5394874385708163,0.26801866297901333,mental health self-report
873,20489,0.07154109103331463,1.1454444409534033,mental health self-report
874,20488,0.3336648280275501,0.4766895703862657,mental health self-report
875,20487,0.0034233535646816323,2.465548244519571,mental health self-report
876,20485,0.004096297714610783,2.3876084868188494,mental health self-report
877,20482,0.7586961370750207,0.11993212715416583,mental health self-report
878,20479,0.06184002375330293,1.2087303522733277,mental health self-report
879,20473,0.3092344160436109,0.5097121775413687,mental health self-report
880,20467,0.8912476910988498,0.05000158223890288,mental health self-report
881,20460,0.46827940921872396,0.32949493822323406,mental health self-report
882,20459,0.7333153208454497,0.13470924137950285,mental health self-report
883,20458,0.16214038730703653,0.7901087939121315,mental health self-report
884,20454,0.5947172393613769,0.22568947221032004,mental health self-report
885,20453,0.3949642104244326,0.4034422560681713,mental health self-report
886,20442,0.8824027373721796,0.054333153306092785,mental health self-report
887,20440,0.13748122947836297,0.8617565926732972,mental health self-report
888,20439,0.8740268806910579,0.058475210436220094,mental health self-report
889,20438,0.628785057159451,0.201497787691144,mental health self-report
890,20436,0.10791232035032858,0.966928969082532,mental health self-report
891,20418,0.8164474902742727,0.08807174162842048,mental health self-report
892,20127,0.0021053095017180366,2.676684049468395,mental health self-report
893,5386,0.9930330787390343,0.003036284561458558,mental health self-report
894,20492,0.9063180185812543,0.042719385677782565,mental health self-report
895,4620,0.7364163013414047,0.13287660650118135,mental health self-report
896,20494,0.3293113621440454,0.4823932846803383,mental health self-report
897,20496,0.7394641255624871,0.13108289056252306,mental health self-report
898,20525,0.32229739309272415,0.4917432072708597,mental health self-report
899,20524,0.005481405579479619,2.2611080624756354,mental health self-report
900,20523,0.5102144873953974,0.292247213882735,mental health self-report
901,20522,0.9083959685637506,0.041724801834955784,mental health self-report
902,20521,0.008186954207890205,2.086877638743972,mental health self-report
903,20520,0.66189628871043,0.17921005401845844,mental health self-report
904,20519,0.0717466927519747,1.1441981134465355,mental health self-report
905,20518,0.8200255706018893,0.08617260493560877,mental health self-report
906,20517,0.03203314408808044,1.494400432766367,mental health self-report
907,20516,0.7596086821238736,0.11941008003699356,mental health self-report
908,20515,0.2564493782034774,0.5909983496032033,mental health self-report
909,20514,0.3234259401508892,0.49022515074810413,mental health self-report
910,20513,0.7359438080776514,0.1331553443220661,mental health self-report
911,20512,0.7510418233504634,0.12433587771677573,mental health self-report
912,20511,0.0699443514315496,1.1552473525254268,mental health self-report
913,20510,0.13682280962514173,0.8638414956819204,mental health self-report
914,20509,0.5808044196876441,0.23597008748934625,mental health self-report
915,20508,0.3595895684443463,0.4441929154726507,mental health self-report
916,20507,0.2628705860407412,0.5802580066470149,mental health self-report
917,20506,0.6985918329825516,0.15577649586891912,mental health self-report
918,20505,0.31756943042434366,0.49816130988786245,mental health self-report
919,20498,0.26305238551114285,0.5799577554154697,mental health self-report
920,20497,0.6649608113253626,0.17720394857155417,mental health self-report
921,20495,0.3589027962730383,0.4450231579910299,mental health self-report
922,20544#1,0.8592607045087666,0.06587504879780015,mental health self-report
923,4581,0.2808808706768479,0.5514778373109888,mental health self-report
924,4559,0.7444802867335746,0.12814679754401057,mental health self-report
925,20548#6,0.9549506166713845,0.020019086491277496,mental health self-report
926,20548#5,0.49582914410000334,0.30466794963390775,mental health self-report
927,20548#9,0.009957301537146208,2.001858340924782,mental health self-report
928,20548#8,0.1959555336344287,0.7078424678686329,mental health self-report
929,20548#7,0.5803995561794476,0.23627292833094293,mental health self-report
930,20548#3,0.3567171848344486,0.44767596804039844,mental health self-report
931,20548#1,0.7774100874604392,0.10934982838190423,mental health self-report
932,20548#2,0.19877090346063278,0.7016471883055162,mental health self-report
933,20547#3,0.8677640513032642,0.06159834526926811,mental health self-report
934,20547#1,0.20036491147776642,0.6981783311373015,mental health self-report
935,20546#1,0.053757139253807526,1.2695638508051046,mental health self-report
936,20546#4,0.877296388770201,0.05685365833139773,mental health self-report
937,20546#3,0.03791259907475907,1.4212164417636424,mental health self-report
938,20544#2,0.1935888256675502,0.7131197146463245,mental health self-report
939,20544#16,0.7815843501066555,0.10702414520838163,mental health self-report
940,20544#13,0.41222688885336506,0.38486368334822924,mental health self-report
941,20544#18,0.5399901111620016,0.267614193338326,mental health self-report
942,20544#12,0.4978754507542827,0.3028792873915354,mental health self-report
943,20544#10,0.2341680188490234,0.6304724183405211,mental health self-report
944,20544#17,0.3926329389957405,0.4060132691170071,mental health self-report
945,20434,0.3600535066825163,0.44363295498207334,mental health self-report
946,20544#14,0.3802968916659751,0.4198772242540282,mental health self-report
947,20544#3,0.8933639475045334,0.04897157785004307,mental health self-report
948,20549#3,0.16390742317910068,0.7854013772853986,mental health self-report
949,4570,0.6765711747897504,0.1696865092031143,mental health self-report
950,20549#4,0.8573943955004303,0.0668193596534618,mental health self-report
951,20550#1,0.8723153512383784,0.059326484626711175,mental health self-report
952,4548,0.5686498188527034,0.24515509486534545,mental health self-report
953,4537,0.9144380494826135,0.038845711378588145,mental health self-report
954,4526,0.7372646276933452,0.1323766020742562,mental health self-report
955,2110,0.5073506713559462,0.29469176060530694,mental health self-report
956,2080,0.4714012095737551,0.32660930744908717,mental health self-report
957,2070,0.11560748359571396,0.9370140519091958,mental health self-report
958,2060,0.3998622208208766,0.39808962628429306,mental health self-report
959,2050,0.7702117211260202,0.11338987654473548,mental health self-report
960,20554#5,0.5353745984512617,0.27134223833054427,mental health self-report
961,20554#6,0.7027627451225884,0.15319126939719316,mental health self-report
962,20554#3,0.12631511032148018,0.898544694284599,mental health self-report
963,20554#4,0.2935962763001852,0.5322494569049357,mental health self-report
964,20554#1,0.8815086585925044,0.05477341749911461,mental health self-report
965,20553#2,0.14894450199540255,0.8269755233124979,mental health self-report
966,20553#6,0.2963866643615605,0.528141340923744,mental health self-report
967,20553#3,0.9540966318976776,0.020407637272162764,mental health self-report
968,20553#1,0.2177126988472263,0.6621162384902244,mental health self-report
969,20553#5,0.6016450513895705,0.22065965107775737,mental health self-report
970,20553#4,0.5593461023445959,0.25231938383872266,mental health self-report
971,20551#3,0.6933869060407368,0.1590243638448187,mental health self-report
972,20551#1,0.5776655389692725,0.2383235398186137,mental health self-report
973,20551#2,0.199813203807472,0.6993758166542995,mental health self-report
974,20550#3,0.7200693788657994,0.14262565717015815,mental health self-report
975,20549#1,0.08864602677215906,1.0523407252587407,mental health self-report
976,20455,0.646335981650183,0.18954166614579798,mental health self-report
